use mgmt_db;


insert into status (id, name) values (1, 'SUBMITTED');
insert into status (id, name) values (2, 'PROCESSING');
insert into status (id, name) values (3, 'REVIEW');
insert into status (id, name) values (4, 'COMPLETE');
insert into status (id, name) values (5, 'CANCELED');
insert into categories (id, name) values (1, 'CONTAINER');
insert into categories (id, name) values (2, 'SOLID WASTE');
insert into categories (id, name) values (3, 'RECYCLING');
insert into categories (id, name) values (4, 'ORGANICS');
insert into categories (id, name) values (5, 'HAZMAT');
insert into inventory (id, name, size, price, quantity) values (1, 'SMALL GARBAGE', '48 GALLONS', 44.15, 100000);
insert into inventory (id, name, size, price, quantity) values (2, 'MEDIUM GARBAGE', '64 GALLONS', 30.99, 90000);
insert into inventory (id, name, size, price, quantity) values (3, 'LARGE GARBAGE', '96 GALLONS', 17.34, 80000);
insert into inventory (id, name, size, price, quantity) values (4, 'SMALL RECYCLE', '48 GALLONS', 0.00, 60000);
insert into inventory (id, name, size, price, quantity) values (5, 'LARGE RECYCLE', '96 GALLONS', 0.00, 95000);
insert into inventory (id, name, size, price, quantity) values (6, 'SMALL ORGANIC', '48 GALLONS', 0.00, 32000);
insert into inventory (id, name, size, price, quantity) values (7, 'LARGE ORGANIC', '96 GALLONS', 0.00, 61000);

insert into users (id, username, email, password, first_name, last_name, street_number, street_name, city, zipcode, phone_number, role_id) values (1, 'admin', 'fibbott0@ihg.com', 'sP84T15', 'Fowler', 'Ibbott', '115', 'Esch', 'Miyakonojō', 78203, '446-722-9417', 3);
insert into users (id, username, email, password, first_name, last_name, street_number, street_name, city, zipcode, phone_number, role_id) values (2, 'user', 'epiercey1@abc.net.au', '5o5c9rDdZfr', 'Estelle', 'Piercey', '07', 'Dixon', 'Naperville', 78219, '630-586-3034', 2);
insert into users (id, username, email, password, first_name, last_name, street_number, street_name, city, zipcode, phone_number, role_id) values (3, 'emaclleese2', 'emaclleese2@lulu.com', 'PWrgAEk76Z1i', 'Eugen', 'MacLleese', '3820', 'Vahlen', 'Dolní Černilov', 78211, '818-880-9503', 3);
insert into users (id, username, email, password, first_name, last_name, street_number, street_name, city, zipcode, phone_number, role_id) values (4, 'cbroggini3', 'cbroggini3@princeton.edu', 'gqfGfOC7gOCN', 'Corliss', 'Broggini', '3686', 'Alpine', 'Debar', 78274, '752-578-9675', 1);

insert into work_order (id, description, notes, status_id, customer_id, street_number, street_name, zip_code, submitted_date, employee_id, category_id) values (1, ' enim. Lorem ipsum dolor sit amet, consectetuer adipiscing elit. Proin interdum mauris non ligula pellentesque ultrices.', 'Proin interdum mauris non ligula pellentesque ultrices.', 5, 2, '1234', 'Grover', 77720, '2018-10-26', 2, 3);
insert into work_order (id, description, notes, status_id, customer_id, street_number, street_name, zip_code, submitted_date, employee_id, category_id) values (2, 'Morbi a ipsum. Integer a nibh.', 'Sed accumsan felis. Ut at dolor quis odio consequat varius. Integer ac leo.', 1, 1, '895', 'Moland', 79175, '2018-09-25', 43, 3);
insert into work_order (id, description, notes, status_id, customer_id, street_number, street_name, zip_code, submitted_date, employee_id, category_id) values (3, 'Lorem  Vestibulum quam sapieluctaccumsan odio. Curabitur convallis. Duis consequat dui nec nisi volutpat eleifend.', 'Morbi quisaecenas leo odio, condimentum Pellentesque viverra pede ac diam.', 3, 1, '655', 'Mallory', 93578, '2017-11-27', 2, 1);
insert into work_order (id, description, notes, status_id, customer_id, street_number, street_name, zip_code, submitted_date, employee_id, category_id) values (4, 'Pellentesque at nulla. Suspendisse potenti.', 'adfadfda', 6, 2, '92845', 'Brentwood', 12628, '2018-08-26', 1, 1);
insert into work_order (id, description, notes, status_id, customer_id, street_number, street_name, zip_code, submitted_date, employee_id, category_id) values (5, 'Morbi porttitor lorem id ligula. Suspendisse ornare consequat lectus. In est risus, auctor sed, tristique in, tempus sit amet, sem. Fusce consequat. Nulla nisl. Nunc nisl. Duis bibendum, felis sed interdum venenatis, turpis enim blandit mi, in porttitor pede justo eu massa. Donec dapibus. Duis at velit eu est congue elementum. In hac habitasse platea dictumst.', 'Vestibulum ante ipsum primis in faucibus orci luctus et ultrices posuere cubilia Curae; Nulla dapibus dolor vel est.', 4, 38, '42', 'Lindbergh', 39346, '2017-12-26', 8, 2);
insert into work_order (id, description, notes, status_id, customer_id, street_number, street_name, zip_code, submitted_date, employee_id, category_id) values (6, 'Nulla tellus. In sagittis dui vel nisl. Duis ac nibh. Fusce lacus purus, aliquet at, feugiat non, pretium quis, lectus. Suspendisse potenti. In eleifend quam a odio. In hac habitasse platea dictumst. Maecenas ut massa quis augue luctus tincidunt. Nulla mollis molestie lorem.', 'Cras pellentesque volutpat dui.', 2, 47, '00', 'Everett', 32299, '2017-11-22', 29, 1);
insert into work_order (id, description, notes, status_id, customer_id, street_number, street_name, zip_code, submitted_date, employee_id, category_id) values (7, 'Maecenas tristique, est et tempus semper, est quam pharetra magna, ac consequat metus sapien ut nunc. Vestibulum ante ipsum primis in faucibus orci luctus et ultrices posuere cubilia Curae; Mauris viverra diam vitae quam. Suspendisse potenti. Nullam porttitor lacus at turpis. Donec posuere metus vitae ipsum. Aliquam non mauris.', 'Praesent blandit lacinia erat. Vestibulum sed magna at nunc commodo placerat. Praesent blandit. Nam nulla.', 5, 10, '57', 'John Wall', 51288, '2018-08-27', 38, 1);
insert into work_order (id, description, notes, status_id, customer_id, street_number, street_name, zip_code, submitted_date, employee_id, category_id) values (8, 'Vestibulum ac est lacinia nisi venenatis tristique. Fusce congue, diam id ornare imperdiet, sapien urna pretium nisl, ut volutpat sapien arcu sed augue. Aliquam erat volutpat. In congue. Etiam justo. Etiam pretium iaculis justo. In hac habitasse platea dictumst. Etiam faucibus cursus urna. Ut tellus. Nulla ut erat id mauris vulputate elementum.', 'Quisque erat eros, viverra eget, congue eget, semper rutrum, nulla. Nunc purus. Phasellus in felis.', 6, 8, '08', 'Summer Ridge', 71938, '2018-05-11', 30, 5);
insert into work_order (id, description, notes, status_id, customer_id, street_number, street_name, zip_code, submitted_date, employee_id, category_id) values (9, 'In sagittis dui vel nisl. Duis ac nibh. Fusce lacus purus, aliquet at, feugiat non, pretium quis, lectus. Suspendisse potenti. In eleifend quam a odio. In hac habitasse platea dictumst. Maecenas ut massa quis augue luctus tincidunt. Nulla mollis molestie lorem.', 'Vestibulum ac est lacinia nisi venenatis tristique. Fusce congue, diam id ornare imperdiet, sapien urna pretium nisl, ut volutpat sapien arcu sed augue.', 2, 8, '3', 'Fieldstone', 99690, '2018-03-01', 22, 2);
insert into work_order (id, description, notes, status_id, customer_id, street_number, street_name, zip_code, submitted_date, employee_id, category_id) values (10, 'Vestibulum rutrum rutrum neque. Aenean auctor gravida sem.', 'Phasellus id sapien in sapien iaculis congue. Vivamus metus arcu, adipiscing molestie, hendrerit at, vulputate vitae, nisl.', 1, 5, '7', 'American Ash', 35015, '2018-05-04', 41, 3);
insert into work_order (id, description, notes, status_id, customer_id, street_number, street_name, zip_code, submitted_date, employee_id, category_id) values (11, 'Duis bibendum, felis sed interdum venenatis, turpis enim blandit mi, in porttitor pede justo eu massa. Donec dapibus. Duis at velit eu est congue elementum. In hac habitasse platea dictumst. Morbi vestibulum, velit id pretium iaculis, diam erat fermentum justo, nec condimentum neque sapien placerat ante. Nulla justo. Aliquam quis turpis eget elit sodales scelerisque. Mauris sit amet eros. Suspendisse accumsan tortor quis turpis. Sed ante.', 'Quisque erat eros, viverra eget, congue eget, semper rutrum, nulla. Nunc purus.', 3, 50, '2171', 'Blue Bill Park', 51184, '2018-11-05', 26, 3);

insert into user_roles (id, role, user_id) values (1, 'ROLE_ADMIN', 1);
insert into user_roles (id, role, user_id) values (2, 'ROLE_USER', 2);
insert into user_roles (id, role, user_id) values (3, 'ROLE_EDITOR', 3);