use mgmt_db;


insert into status (id, name) values (1, 'SUBMITTED');
insert into status (id, name) values (2, 'PENDING ASSIGNMENT');
insert into status (id, name) values (3, 'PROCESSING');
insert into status (id, name) values (4, 'REVIEW');
insert into status (id, name) values (5, 'COMPLETE');
insert into status (id, name) values (6, 'CANCELED');
insert into categories (id, name) values (1, 'CONTAINER');
insert into categories (id, name) values (2, 'SOLID WASTE');
insert into categories (id, name) values (3, 'RECYCLING');
insert into categories (id, name) values (4, 'ORGANICS');
insert into categories (id, name) values (5, 'HAZMAT');
insert into inventory (id, name, size, price, quantity) values (1, 'SMALL GARBAGE', '48 GALLONS', 44.15, 100);
insert into inventory (id, name, size, price, quantity) values (2, 'MEDIUM GARBAGE', '64 GALLONS', 30.99, 90);
insert into inventory (id, name, size, price, quantity) values (3, 'LARGE GARBAGE', '96 GALLONS', 17.34, 80);
insert into inventory (id, name, size, price, quantity) values (4, 'SMALL RECYCLE', '48 GALLONS', 37.07, 60);
insert into inventory (id, name, size, price, quantity) values (5, 'LARGE RECYCLE', '96 GALLONS', 39.91, 95);
insert into inventory (id, name, size, price, quantity) values (6, 'SMALL ORGANIC', '48 GALLONS', 41.42, 32);
insert into inventory (id, name, size, price, quantity) values (7, 'LARGE ORGANIC', '96 GALLONS', 42.45, 61);
insert into users (id, username, email, password, first_name, last_name, street_number, street_name, city, zipcode, phone_number, role_id) values (1, 'hhardson0', 'hhardson0@umich.edu', 'gS9WgGC8abE', 'Hattie', 'Hardson', '49250', 'Warbler', 'Arcos', 86805, '450-711-7552', 2);
insert into users (id, username, email, password, first_name, last_name, street_number, street_name, city, zipcode, phone_number, role_id) values (2, 'abucklee1', 'abucklee1@ustream.tv', 'zau6gn', 'Alphard', 'Bucklee', '4', 'Fairview', 'Kashar', 26167, '199-327-7794', 1);
insert into users (id, username, email, password, first_name, last_name, street_number, street_name, city, zipcode, phone_number, role_id) values (3, 'cweson2', 'cweson2@hugedomains.com', '1sb33B', 'Carleen', 'Weson', '2049', 'Division', 'Uvarovo', 75175, '328-469-5074', 2);
# insert into users (id, username, email, password, first_name, last_name, street_number, street_name, city, zipcode, phone_number, role_id) values (4, 'rlarcier3', 'rlarcier3@virginia.edu', '9tqXb6736s', 'Rodney', 'Larcier', '743', 'Grim', 'Yongle', 23438, '351-513-8260', 3);
# insert into users (id, username, email, password, first_name, last_name, street_number, street_name, city, zipcode, phone_number, role_id) values (5, 'cirlam4', 'cirlam4@bigcartel.com', 'uMhO0Ym5q', 'Claudianus', 'Irlam', '70', 'Morrow', 'Jinping', 56652, '786-478-0221', 2);
# insert into users (id, username, email, password, first_name, last_name, street_number, street_name, city, zipcode, phone_number, role_id) values (6, 'drentilll5', 'drentilll5@jimdo.com', 'Z98CGU00uUA1', 'Daile', 'Rentilll', '1', 'Chive', 'Wonokerto', 96930, '596-108-9207', 2);
# insert into users (id, username, email, password, first_name, last_name, street_number, street_name, city, zipcode, phone_number, role_id) values (7, 'ddenty6', 'ddenty6@google.co.uk', 'FSD8111h', 'Dorene', 'Denty', '8', 'Hoepker', 'Los Angeles', 13237, '370-779-1774', 3);
# insert into users (id, username, email, password, first_name, last_name, street_number, street_name, city, zipcode, phone_number, role_id) values (8, 'zlathleiffure7', 'zlathleiffure7@mozilla.org', 'uBWBdUXYQvZ6', 'Zacharias', 'Lathleiffure', '27', 'Gateway', 'Sentieiras', 15472, '392-467-2736', 2);
# insert into users (id, username, email, password, first_name, last_name, street_number, street_name, city, zipcode, phone_number, role_id) values (9, 'wlorrain8', 'wlorrain8@topsy.com', '6f9GlD', 'Wilbert', 'Lorrain', '5', 'Marcy', 'Pruzhany', 85294, '457-831-1506', 3);
# insert into users (id, username, email, password, first_name, last_name, street_number, street_name, city, zipcode, phone_number, role_id) values (10, 'cchestnutt9', 'cchestnutt9@shop-pro.jp', 'E7skxZBvoJ', 'Consolata', 'Chestnutt', '007', 'Emmet', 'Jiangyou', 18417, '443-347-7937', 3);
# insert into users (id, username, email, password, first_name, last_name, street_number, street_name, city, zipcode, phone_number, role_id) values (11, 'joscandalla', 'joscandalla@dmoz.org', 'UDSNQAZv5dH', 'Jorie', 'O''Scandall', '97447', 'Golden Leaf', 'Delft', 84820, '694-175-0659', 2);
# insert into users (id, username, email, password, first_name, last_name, street_number, street_name, city, zipcode, phone_number, role_id) values (12, 'msmyeb', 'msmyeb@ovh.net', '4yn7O0', 'Marjy', 'Smye', '9', 'Vidon', 'Ponggok', 40282, '644-181-4523', 3);
# insert into users (id, username, email, password, first_name, last_name, street_number, street_name, city, zipcode, phone_number, role_id) values (13, 'cplantec', 'cplantec@princeton.edu', 'zqZbcwsjr', 'Carina', 'Plante', '209', 'Ridge Oak', 'Xinli', 78186, '137-848-8159', 3);
# insert into users (id, username, email, password, first_name, last_name, street_number, street_name, city, zipcode, phone_number, role_id) values (14, 'jcoulstond', 'jcoulstond@eepurl.com', 'tUp5ipr', 'Jewell', 'Coulston', '34691', 'Harper', 'Shadrinsk', 91026, '844-341-2360', 3);
# insert into users (id, username, email, password, first_name, last_name, street_number, street_name, city, zipcode, phone_number, role_id) values (15, 'hvandervliese', 'hvandervliese@statcounter.com', 'sJULja', 'Hebert', 'Van Der Vlies', '9', 'Loftsgordon', 'Sempu', 54436, '254-897-9118', 2);
# insert into users (id, username, email, password, first_name, last_name, street_number, street_name, city, zipcode, phone_number, role_id) values (16, 'vbonhomef', 'vbonhomef@wikipedia.org', 'sVbqOw', 'Vince', 'Bonhome', '0', 'Browning', 'Marcara', 29451, '931-863-7152', 2);
# insert into users (id, username, email, password, first_name, last_name, street_number, street_name, city, zipcode, phone_number, role_id) values (17, 'cpepperg', 'cpepperg@businessweek.com', '9jH7JuPrK', 'Conny', 'Pepper', '56', 'Shelley', 'Kuressaare', 20084, '340-946-5157', 3);
# insert into users (id, username, email, password, first_name, last_name, street_number, street_name, city, zipcode, phone_number, role_id) values (18, 'mheadanh', 'mheadanh@netlog.com', '6opWqeF6teI', 'Margaret', 'Headan', '62', 'Reindahl', 'Pontes e Lacerda', 82565, '481-642-7235', 3);
# insert into users (id, username, email, password, first_name, last_name, street_number, street_name, city, zipcode, phone_number, role_id) values (19, 'eruseworthi', 'eruseworthi@omniture.com', 'N9uBW5ee', 'Emelyne', 'Ruseworth', '3', '7th', 'Castellon De La Plana/Castello De La Pla', 59742, '816-386-0599', 3);
# insert into users (id, username, email, password, first_name, last_name, street_number, street_name, city, zipcode, phone_number, role_id) values (20, 'djanjicj', 'djanjicj@odnoklassniki.ru', 'gBWdf6P7Ex', 'Deanna', 'Janjic', '3', 'Esch', 'Loandjili', 61871, '190-944-0079', 3);
# insert into users (id, username, email, password, first_name, last_name, street_number, street_name, city, zipcode, phone_number, role_id) values (21, 'fchessellk', 'fchessellk@accuweather.com', 'ucqNhPTcPL0j', 'Frederique', 'Chessell', '45215', 'Fremont', 'Zhonghe', 96551, '540-413-9485', 2);
# insert into users (id, username, email, password, first_name, last_name, street_number, street_name, city, zipcode, phone_number, role_id) values (22, 'ctwistl', 'ctwistl@examiner.com', 'LNtFdA', 'Carena', 'Twist', '78', 'Duke', 'Floriano', 93736, '762-913-1744', 2);
# insert into users (id, username, email, password, first_name, last_name, street_number, street_name, city, zipcode, phone_number, role_id) values (23, 'glodfordm', 'glodfordm@skyrock.com', 'ZUvWWs73', 'Gasper', 'Lodford', '0377', 'Bunker Hill', 'Satte', 72120, '406-336-6534', 3);
# insert into users (id, username, email, password, first_name, last_name, street_number, street_name, city, zipcode, phone_number, role_id) values (24, 'gtremethackn', 'gtremethackn@adobe.com', 'nyVrOsA1', 'Guendolen', 'Tremethack', '3', 'Eliot', 'Yanglinshi', 48132, '204-236-5057', 2);
# insert into users (id, username, email, password, first_name, last_name, street_number, street_name, city, zipcode, phone_number, role_id) values (25, 'gmacknielyo', 'gmacknielyo@dot.gov', 'RT8kJxFdBBT0', 'Genevieve', 'MacKniely', '090', 'Manley', 'Virden', 27764, '786-207-5715', 2);
# insert into users (id, username, email, password, first_name, last_name, street_number, street_name, city, zipcode, phone_number, role_id) values (26, 'tcluetp', 'tcluetp@dedecms.com', 'MLcZo7L8a', 'Tony', 'Cluet', '134', 'Grayhawk', 'Łobez', 47618, '786-751-9286', 1);
# insert into users (id, username, email, password, first_name, last_name, street_number, street_name, city, zipcode, phone_number, role_id) values (27, 'dlawlesq', 'dlawlesq@ibm.com', 'Z6A62cbsQ0Gu', 'Darsey', 'Lawles', '49', 'Eggendart', 'Xinji', 65645, '568-498-3648', 2);
# insert into users (id, username, email, password, first_name, last_name, street_number, street_name, city, zipcode, phone_number, role_id) values (28, 'bbercevelor', 'bbercevelor@geocities.com', 'GwADIPL', 'Bartlet', 'Bercevelo', '9', 'Golf View', 'Grammatikó', 39837, '147-103-7513', 3);
# insert into users (id, username, email, password, first_name, last_name, street_number, street_name, city, zipcode, phone_number, role_id) values (29, 'fcollins', 'fcollins@sogou.com', 'wxS5OmyQ', 'Freddy', 'Collin', '03837', 'Hovde', 'Banjeru', 73586, '882-905-2732', 1);
# insert into users (id, username, email, password, first_name, last_name, street_number, street_name, city, zipcode, phone_number, role_id) values (30, 'fleechmant', 'fleechmant@eventbrite.com', 'jyDIcf5fx2kN', 'Felicity', 'Leechman', '6', 'Basil', 'Parbatipur', 99986, '587-303-4593', 2);
# insert into users (id, username, email, password, first_name, last_name, street_number, street_name, city, zipcode, phone_number, role_id) values (31, 'kfabriu', 'kfabriu@bigcartel.com', 'dZJf7QTluF', 'Kyrstin', 'Fabri', '1191', 'Ridgeview', 'Vitarte', 55067, '159-245-3275', 1);
# insert into users (id, username, email, password, first_name, last_name, street_number, street_name, city, zipcode, phone_number, role_id) values (32, 'dzambonv', 'dzambonv@narod.ru', 'lOaUzhAIeGw8', 'Darb', 'Zambon', '8794', 'Vermont', 'Fort Lauderdale', 29409, '754-282-5476', 1);
# insert into users (id, username, email, password, first_name, last_name, street_number, street_name, city, zipcode, phone_number, role_id) values (33, 'fsivierw', 'fsivierw@jimdo.com', 'XRqIce', 'Fairleigh', 'Sivier', '899', 'Petterle', 'Kitchener', 56212, '135-579-9762', 2);
# insert into users (id, username, email, password, first_name, last_name, street_number, street_name, city, zipcode, phone_number, role_id) values (34, 'elarrattx', 'elarrattx@vinaora.com', 'suV5Lgtfr9', 'Elsinore', 'Larratt', '5909', 'Petterle', 'Przemyśl', 39262, '307-738-4109', 1);
# insert into users (id, username, email, password, first_name, last_name, street_number, street_name, city, zipcode, phone_number, role_id) values (35, 'lanniwelly', 'lanniwelly@nature.com', 'E53aFsEcwvvp', 'Luce', 'Anniwell', '6628', 'Esch', 'Karanganyar', 37386, '448-136-0192', 1);
# insert into users (id, username, email, password, first_name, last_name, street_number, street_name, city, zipcode, phone_number, role_id) values (36, 'jscanlanz', 'jscanlanz@omniture.com', 'dA3h7DJ', 'Joey', 'Scanlan', '5449', 'Vera', 'Chiclayo', 33549, '273-383-3162', 1);
# insert into users (id, username, email, password, first_name, last_name, street_number, street_name, city, zipcode, phone_number, role_id) values (37, 'gwondraschek10', 'gwondraschek10@facebook.com', 's1K2tae', 'Gearard', 'Wondraschek', '1819', 'Fair Oaks', 'Bogandinskiy', 82777, '318-781-6960', 1);
# insert into users (id, username, email, password, first_name, last_name, street_number, street_name, city, zipcode, phone_number, role_id) values (38, 'cchaston11', 'cchaston11@nifty.com', 'wJmmC2sq', 'Caralie', 'Chaston', '839', 'Buhler', 'Krychaw', 75116, '817-146-9850', 3);
# insert into users (id, username, email, password, first_name, last_name, street_number, street_name, city, zipcode, phone_number, role_id) values (39, 'tgledhall12', 'tgledhall12@amazon.co.jp', 'bm49FNqII', 'Tamma', 'Gledhall', '78640', 'Center', 'Encontrados', 65005, '499-181-8032', 2);
# insert into users (id, username, email, password, first_name, last_name, street_number, street_name, city, zipcode, phone_number, role_id) values (40, 'cbeeho13', 'cbeeho13@163.com', 'HeDutja6V2U', 'Cly', 'Beeho', '6878', 'Kingsford', 'Elele', 19913, '388-327-0899', 2);
# insert into users (id, username, email, password, first_name, last_name, street_number, street_name, city, zipcode, phone_number, role_id) values (41, 'alangdridge14', 'alangdridge14@photobucket.com', 'Sbp5iH76r9Cn', 'Aarika', 'Langdridge', '98', 'Bluejay', 'Novoishimskiy', 77045, '404-816-1440', 3);
# insert into users (id, username, email, password, first_name, last_name, street_number, street_name, city, zipcode, phone_number, role_id) values (42, 'ssharram15', 'ssharram15@gizmodo.com', '0kmz7j', 'Saunderson', 'Sharram', '5318', 'Manitowish', 'Zábřeh', 92131, '986-325-7052', 2);
# insert into users (id, username, email, password, first_name, last_name, street_number, street_name, city, zipcode, phone_number, role_id) values (43, 'ycasado16', 'ycasado16@i2i.jp', 'osaZUqW', 'Yasmeen', 'Casado', '909', 'Anhalt', 'Takum', 69484, '282-384-0735', 3);
# insert into users (id, username, email, password, first_name, last_name, street_number, street_name, city, zipcode, phone_number, role_id) values (44, 'fkinglesyd17', 'fkinglesyd17@java.com', 'b2v9obDXS', 'Floria', 'Kinglesyd', '532', 'Shopko', 'Valeirinha', 92515, '345-240-2049', 3);
# insert into users (id, username, email, password, first_name, last_name, street_number, street_name, city, zipcode, phone_number, role_id) values (45, 'lbaukham18', 'lbaukham18@gnu.org', 'D9wdBvIgy', 'Lenore', 'Baukham', '2831', 'Bartillon', 'Kalwaria Zebrzydowska', 18620, '469-438-1230', 2);
# insert into users (id, username, email, password, first_name, last_name, street_number, street_name, city, zipcode, phone_number, role_id) values (46, 'cpeacham19', 'cpeacham19@indiatimes.com', '4l0PkBXN9', 'Carroll', 'Peacham', '457', 'Sunbrook', 'Oliveira', 79767, '509-957-4962', 2);
# insert into users (id, username, email, password, first_name, last_name, street_number, street_name, city, zipcode, phone_number, role_id) values (47, 'vsyres1a', 'vsyres1a@hhs.gov', 'E1Pt9z', 'Vilma', 'Syres', '3433', 'Hanover', 'Taishang', 59412, '650-883-9694', 2);
# insert into users (id, username, email, password, first_name, last_name, street_number, street_name, city, zipcode, phone_number, role_id) values (48, 'ccarthew1b', 'ccarthew1b@google.it', '1emTJnfCC', 'Creigh', 'Carthew', '41126', 'Pond', 'Chuandao', 81528, '785-552-2533', 2);
# insert into users (id, username, email, password, first_name, last_name, street_number, street_name, city, zipcode, phone_number, role_id) values (49, 'asharnock1c', 'asharnock1c@npr.org', 'uA88r2D', 'Aileen', 'Sharnock', '5', 'Mendota', 'Bourges', 38412, '698-301-9436', 1);
# insert into users (id, username, email, password, first_name, last_name, street_number, street_name, city, zipcode, phone_number, role_id) values (50, 'tabbott1d', 'tabbott1d@canalblog.com', '0lNTKCVNvv', 'Tawsha', 'Abbott', '936', 'Kenwood', 'Staritsa', 66364, '242-675-3561', 3);
insert into work_order (id, description, notes, status_id, customer_id, street_number, street_name, zip_code, submitted_date, employee_id, category_id) values (1, ' enim. Lorem ipsum dolor sit amet, consectetuer adipiscing elit. Proin interdum mauris non ligula pellentesque ultrices.', 'Proin interdum mauris non ligula pellentesque ultrices.', 5, 2, '1234', 'Grover', 77720, '2018-10-26', 2, 3);
insert into work_order (id, description, notes, status_id, customer_id, street_number, street_name, zip_code, submitted_date, employee_id, category_id) values (2, 'Morbi a ipsum. Integer a nibh.', 'Sed accumsan felis. Ut at dolor quis odio consequat varius. Integer ac leo.', 1, 1, '895', 'Moland', 79175, '2018-09-25', 43, 3);
insert into work_order (id, description, notes, status_id, customer_id, street_number, street_name, zip_code, submitted_date, employee_id, category_id) values (3, 'Lorem  Vestibulum quam sapieluctaccumsan odio. Curabitur convallis. Duis consequat dui nec nisi volutpat eleifend.', 'Morbi quisaecenas leo odio, condimentum Pellentesque viverra pede ac diam.', 3, 1, '655', 'Mallory', 93578, '2017-11-27', 2, 1);
insert into work_order (id, description, notes, status_id, customer_id, street_number, street_name, zip_code, submitted_date, employee_id, category_id) values (4, 'Pellentesque at nulla. Suspendisse potenti.', 'adfadfda', 6, 2, '92845', 'Brentwood', 12628, '2018-08-26', 1, 1);
# insert into work_order (id, description, notes, status_id, customer_id, street_number, street_name, zip_code, submitted_date, employee_id, category_id) values (5, 'Morbi porttitor lorem id ligula. Suspendisse ornare consequat lectus. In est risus, auctor sed, tristique in, tempus sit amet, sem. Fusce consequat. Nulla nisl. Nunc nisl. Duis bibendum, felis sed interdum venenatis, turpis enim blandit mi, in porttitor pede justo eu massa. Donec dapibus. Duis at velit eu est congue elementum. In hac habitasse platea dictumst.', 'Vestibulum ante ipsum primis in faucibus orci luctus et ultrices posuere cubilia Curae; Nulla dapibus dolor vel est.', 4, 38, '42', 'Lindbergh', 39346, '2017-12-26', 8, 2);
# insert into work_order (id, description, notes, status_id, customer_id, street_number, street_name, zip_code, submitted_date, employee_id, category_id) values (6, 'Nulla tellus. In sagittis dui vel nisl. Duis ac nibh. Fusce lacus purus, aliquet at, feugiat non, pretium quis, lectus. Suspendisse potenti. In eleifend quam a odio. In hac habitasse platea dictumst. Maecenas ut massa quis augue luctus tincidunt. Nulla mollis molestie lorem.', 'Cras pellentesque volutpat dui.', 2, 47, '00', 'Everett', 32299, '2017-11-22', 29, 1);
# insert into work_order (id, description, notes, status_id, customer_id, street_number, street_name, zip_code, submitted_date, employee_id, category_id) values (7, 'Maecenas tristique, est et tempus semper, est quam pharetra magna, ac consequat metus sapien ut nunc. Vestibulum ante ipsum primis in faucibus orci luctus et ultrices posuere cubilia Curae; Mauris viverra diam vitae quam. Suspendisse potenti. Nullam porttitor lacus at turpis. Donec posuere metus vitae ipsum. Aliquam non mauris.', 'Praesent blandit lacinia erat. Vestibulum sed magna at nunc commodo placerat. Praesent blandit. Nam nulla.', 5, 10, '57', 'John Wall', 51288, '2018-08-27', 38, 1);
# insert into work_order (id, description, notes, status_id, customer_id, street_number, street_name, zip_code, submitted_date, employee_id, category_id) values (8, 'Vestibulum ac est lacinia nisi venenatis tristique. Fusce congue, diam id ornare imperdiet, sapien urna pretium nisl, ut volutpat sapien arcu sed augue. Aliquam erat volutpat. In congue. Etiam justo. Etiam pretium iaculis justo. In hac habitasse platea dictumst. Etiam faucibus cursus urna. Ut tellus. Nulla ut erat id mauris vulputate elementum.', 'Quisque erat eros, viverra eget, congue eget, semper rutrum, nulla. Nunc purus. Phasellus in felis.', 6, 8, '08', 'Summer Ridge', 71938, '2018-05-11', 30, 5);
# insert into work_order (id, description, notes, status_id, customer_id, street_number, street_name, zip_code, submitted_date, employee_id, category_id) values (9, 'In sagittis dui vel nisl. Duis ac nibh. Fusce lacus purus, aliquet at, feugiat non, pretium quis, lectus. Suspendisse potenti. In eleifend quam a odio. In hac habitasse platea dictumst. Maecenas ut massa quis augue luctus tincidunt. Nulla mollis molestie lorem.', 'Vestibulum ac est lacinia nisi venenatis tristique. Fusce congue, diam id ornare imperdiet, sapien urna pretium nisl, ut volutpat sapien arcu sed augue.', 2, 8, '3', 'Fieldstone', 99690, '2018-03-01', 22, 2);
# insert into work_order (id, description, notes, status_id, customer_id, street_number, street_name, zip_code, submitted_date, employee_id, category_id) values (10, 'Vestibulum rutrum rutrum neque. Aenean auctor gravida sem.', 'Phasellus id sapien in sapien iaculis congue. Vivamus metus arcu, adipiscing molestie, hendrerit at, vulputate vitae, nisl.', 1, 5, '7', 'American Ash', 35015, '2018-05-04', 41, 3);
# insert into work_order (id, description, notes, status_id, customer_id, street_number, street_name, zip_code, submitted_date, employee_id, category_id) values (11, 'Duis bibendum, felis sed interdum venenatis, turpis enim blandit mi, in porttitor pede justo eu massa. Donec dapibus. Duis at velit eu est congue elementum. In hac habitasse platea dictumst. Morbi vestibulum, velit id pretium iaculis, diam erat fermentum justo, nec condimentum neque sapien placerat ante. Nulla justo. Aliquam quis turpis eget elit sodales scelerisque. Mauris sit amet eros. Suspendisse accumsan tortor quis turpis. Sed ante.', 'Quisque erat eros, viverra eget, congue eget, semper rutrum, nulla. Nunc purus.', 3, 50, '2171', 'Blue Bill Park', 51184, '2018-11-05', 26, 3);
# insert into work_order (id, description, notes, status_id, customer_id, street_number, street_name, zip_code, submitted_date, employee_id, category_id) values (12, 'Quisque ut erat. Curabitur gravida nisi at nibh. In hac habitasse platea dictumst. Aliquam augue quam, sollicitudin vitae, consectetuer eget, rutrum at, lorem. Integer tincidunt ante vel ipsum.', 'Ut tellus. Nulla ut erat id mauris vulputate elementum. Nullam varius. Nulla facilisi.', 2, 45, '510', 'Butternut', 93322, '2018-04-18', 1, 4);
# insert into work_order (id, description, notes, status_id, customer_id, street_number, street_name, zip_code, submitted_date, employee_id, category_id) values (13, 'Sed accumsan felis. Ut at dolor quis odio consequat varius. Integer ac leo. Pellentesque ultrices mattis odio.', 'Pellentesque at nulla.', 2, 36, '70', 'Barby', 98059, '2018-01-24', 16, 4);
# insert into work_order (id, description, notes, status_id, customer_id, street_number, street_name, zip_code, submitted_date, employee_id, category_id) values (14, 'Aliquam sit amet diam in magna bibendum imperdiet. Nullam orci pede, venenatis non, sodales sed, tincidunt eu, felis. Fusce posuere felis sed lacus. Morbi sem mauris, laoreet ut, rhoncus aliquet, pulvinar sed, nisl. Nunc rhoncus dui vel sem. Sed sagittis. Nam congue, risus semper porta volutpat, quam pede lobortis ligula, sit amet eleifend pede libero quis orci. Nullam molestie nibh in lectus.', 'Lorem ipsum dolor sit amet, consectetuer adipiscing elit. Proin risus.', 3, 24, '6207', 'Linden', 85908, '2018-04-18', 32, 3);
# insert into work_order (id, description, notes, status_id, customer_id, street_number, street_name, zip_code, submitted_date, employee_id, category_id) values (15, 'Vestibulum quam sapien, varius ut, blandit non, interdum in, ante. Vestibulum ante ipsum primis in faucibus orci luctus et ultrices posuere cubilia Curae; Duis faucibus accumsan odio. Curabitur convallis. Duis consequat dui nec nisi volutpat eleifend. Donec ut dolor.', 'Sed vel enim sit amet nunc viverra dapibus. Nulla suscipit ligula in lacus. Curabitur at ipsum ac tellus semper interdum.', 4, 38, '71', 'Green Ridge', 99379, '2018-03-03', 44, 3);
# insert into work_order (id, description, notes, status_id, customer_id, street_number, street_name, zip_code, submitted_date, employee_id, category_id) values (16, 'In hac habitasse platea dictumst. Etiam faucibus cursus urna. Ut tellus. Nulla ut erat id mauris vulputate elementum. Nullam varius. Nulla facilisi. Cras non velit nec nisi vulputate nonummy.', 'adfad', 3, 1, '49', 'American Ash', 34123, '2018-03-27', 32, 2);
# insert into work_order (id, description, notes, status_id, customer_id, street_number, street_name, zip_code, submitted_date, employee_id, category_id) values (17, 'Cras non velit nec nisi vulputate nonummy. Maecenas tincidunt lacus at velit. Vivamus vel nulla eget eros elementum pellentesque. Quisque porta volutpat erat. Quisque erat eros, viverra eget, congue eget, semper rutrum, nulla. Nunc purus. Phasellus in felis. Donec semper sapien a libero.', 'adfad', 5, 20, '5200', '3rd', 23124, '2018-06-25', 46, 4);
# insert into work_order (id, description, notes, status_id, customer_id, street_number, street_name, zip_code, submitted_date, employee_id, category_id) values (18, 'Maecenas rhoncus aliquam lacus. Morbi quis tortor id nulla ultrices aliquet. Maecenas leo odio, condimentum id, luctus nec, molestie sed, justo. Pellentesque viverra pede ac diam. Cras pellentesque volutpat dui. Maecenas tristique, est et tempus semper, est quam pharetra magna, ac consequat metus sapien ut nunc. Vestibulum ante ipsum primis in faucibus orci luctus et ultrices posuere cubilia Curae; Mauris viverra diam vitae quam. Suspendisse potenti.', 'adfad', 4, 18, '4', 'Bayside', 81619, '2018-08-16', 12, 5);
# insert into work_order (id, description, notes, status_id, customer_id, street_number, street_name, zip_code, submitted_date, employee_id, category_id) values (19, 'Vestibulum ante ipsum primis in faucibus orci luctus et ultrices posuere cubilia Curae; Nulla dapibus dolor vel est. Donec odio justo, sollicitudin ut, suscipit a, feugiat et, eros. Vestibulum ac est lacinia nisi venenatis tristique. Fusce congue, diam id ornare imperdiet, sapien urna pretium nisl, ut volutpat sapien arcu sed augue.', 'Donec vitae nisi.', 6, 3, '53', 'Manley', 45722, '2018-07-12', 45, 4);
# insert into work_order (id, description, notes, status_id, customer_id, street_number, street_name, zip_code, submitted_date, employee_id, category_id) values (20, 'Quisque id justo sit amet sapien dignissim vestibulum. Vestibulum ante ipsum primis in faucibus orci luctus et ultrices posuere cubilia Curae; Nulla dapibus dolor vel est. Donec odio justo, sollicitudin ut, suscipit a, feugiat et, eros. Vestibulum ac est lacinia nisi venenatis tristique. Fusce congue, diam id ornare imperdiet, sapien urna pretium nisl, ut volutpat sapien arcu sed augue. Aliquam erat volutpat. In congue. Etiam justo.', 'Sed ante. Vivamus tortor. Duis mattis egestas metus. Aenean fermentum.', 1, 21, '2', 'Summerview', 84644, '2017-12-29', 48, 1);
# insert into work_order (id, description, notes, status_id, customer_id, street_number, street_name, zip_code, submitted_date, employee_id, category_id) values (21, 'Nulla tellus. In sagittis dui vel nisl. Duis ac nibh. Fusce lacus purus, aliquet at, feugiat non, pretium quis, lectus. Suspendisse potenti. In eleifend quam a odio. In hac habitasse platea dictumst. Maecenas ut massa quis augue luctus tincidunt. Nulla mollis molestie lorem. Quisque ut erat.', 'Integer aliquet, massa id lobortis convallis, tortor risus dapibus augue, vel accumsan tellus nisi eu orci. Mauris lacinia sapien quis libero. Nullam sit amet turpis elementum ligula vehicula consequat. Morbi a ipsum.', 5, 22, '6890', 'Cordelia', 46924, '2018-01-18', 39, 4);
# insert into work_order (id, description, notes, status_id, customer_id, street_number, street_name, zip_code, submitted_date, employee_id, category_id) values (22, 'Nulla tempus. Vivamus in felis eu sapien cursus vestibulum. Proin eu mi. Nulla ac enim. In tempor, turpis nec euismod scelerisque, quam turpis adipiscing lorem, vitae mattis nibh ligula nec sem. Duis aliquam convallis nunc. Proin at turpis a pede posuere nonummy.', 'Cras in purus eu magna vulputate luctus. Cum sociis natoque penatibus et magnis dis parturient montes, nascetur ridiculus mus. Vivamus vestibulum sagittis sapien.', 6, 26, '1895', 'Hermina', 95302, '2018-06-11', 38, 1);
# insert into work_order (id, description, notes, status_id, customer_id, street_number, street_name, zip_code, submitted_date, employee_id, category_id) values (23, 'Ut at dolor quis odio consequat varius. Integer ac leo. Pellentesque ultrices mattis odio. Donec vitae nisi. Nam ultrices, libero non mattis pulvinar, nulla pede ullamcorper augue, a suscipit nulla elit ac nulla. Sed vel enim sit amet nunc viverra dapibus. Nulla suscipit ligula in lacus. Curabitur at ipsum ac tellus semper interdum. Mauris ullamcorper purus sit amet nulla. Quisque arcu libero, rutrum ac, lobortis vel, dapibus at, diam.', 'Vivamus tortor.', 2, 22, '77', 'Katie', 64576, '2018-04-01', 43, 2);
# insert into work_order (id, description, notes, status_id, customer_id, street_number, street_name, zip_code, submitted_date, employee_id, category_id) values (24, 'Morbi quis tortor id nulla ultrices aliquet. Maecenas leo odio, condimentum id, luctus nec, molestie sed, justo.', 'Fusce consequat. Nulla nisl. Nunc nisl.', 3, 42, '37715', 'Granby', 97916, '2018-01-23', 31, 2);
# insert into work_order (id, description, notes, status_id, customer_id, street_number, street_name, zip_code, submitted_date, employee_id, category_id) values (25, 'Nulla neque libero, convallis eget, eleifend luctus, ultricies eu, nibh. Quisque id justo sit amet sapien dignissim vestibulum. Vestibulum ante ipsum primis in faucibus orci luctus et ultrices posuere cubilia Curae; Nulla dapibus dolor vel est. Donec odio justo, sollicitudin ut, suscipit a, feugiat et, eros.', 'adfad', 6, 47, '98', 'Judy', 47566, '2018-07-09', 16, 1);
# insert into work_order (id, description, notes, status_id, customer_id, street_number, street_name, zip_code, submitted_date, employee_id, category_id) values (26, 'Mauris enim leo, rhoncus sed, vestibulum sit amet, cursus id, turpis. Integer aliquet, massa id lobortis convallis, tortor risus dapibus augue, vel accumsan tellus nisi eu orci.', 'Mauris sit amet eros. Suspendisse accumsan tortor quis turpis. Sed ante.', 3, 9, '7358', 'Ohio', 29950, '2018-04-01', 36, 1);
# insert into work_order (id, description, notes, status_id, customer_id, street_number, street_name, zip_code, submitted_date, employee_id, category_id) values (27, 'Praesent blandit. Nam nulla. Integer pede justo, lacinia eget, tincidunt eget, tempus vel, pede. Morbi porttitor lorem id ligula. Suspendisse ornare consequat lectus. In est risus, auctor sed, tristique in, tempus sit amet, sem. Fusce consequat. Nulla nisl. Nunc nisl.', 'adfad', 1, 7, '66', 'Crest Line', 36357, '2018-05-13', 40, 4);
# insert into work_order (id, description, notes, status_id, customer_id, street_number, street_name, zip_code, submitted_date, employee_id, category_id) values (28, 'Suspendisse ornare consequat lectus. In est risus, auctor sed, tristique in, tempus sit amet, sem. Fusce consequat. Nulla nisl. Nunc nisl. Duis bibendum, felis sed interdum venenatis, turpis enim blandit mi, in porttitor pede justo eu massa. Donec dapibus. Duis at velit eu est congue elementum. In hac habitasse platea dictumst.', 'In quis justo. Maecenas rhoncus aliquam lacus. Morbi quis tortor id nulla ultrices aliquet.', 3, 33, '811', 'Hovde', 47426, '2018-05-15', 14, 3);
# insert into work_order (id, description, notes, status_id, customer_id, street_number, street_name, zip_code, submitted_date, employee_id, category_id) values (29, 'Aliquam sit amet diam in magna bibendum imperdiet. Nullam orci pede, venenatis non, sodales sed, tincidunt eu, felis. Fusce posuere felis sed lacus. Morbi sem mauris, laoreet ut, rhoncus aliquet, pulvinar sed, nisl. Nunc rhoncus dui vel sem. Sed sagittis. Nam congue, risus semper porta volutpat, quam pede lobortis ligula, sit amet eleifend pede libero quis orci. Nullam molestie nibh in lectus. Pellentesque at nulla.', 'Etiam faucibus cursus urna. Ut tellus. Nulla ut erat id mauris vulputate elementum. Nullam varius.', 5, 20, '1441', 'Carioca', 66218, '2018-03-19', 23, 2);
# insert into work_order (id, description, notes, status_id, customer_id, street_number, street_name, zip_code, submitted_date, employee_id, category_id) values (30, 'Integer aliquet, massa id lobortis convallis, tortor risus dapibus augue, vel accumsan tellus nisi eu orci. Mauris lacinia sapien quis libero. Nullam sit amet turpis elementum ligula vehicula consequat. Morbi a ipsum. Integer a nibh. In quis justo. Maecenas rhoncus aliquam lacus. Morbi quis tortor id nulla ultrices aliquet. Maecenas leo odio, condimentum id, luctus nec, molestie sed, justo.', 'adfad', 4, 47, '80', 'Anthes', 24959, '2018-09-20', 20, 2);
# insert into work_order (id, description, notes, status_id, customer_id, street_number, street_name, zip_code, submitted_date, employee_id, category_id) values (31, 'Donec ut mauris eget massa tempor convallis. Nulla neque libero, convallis eget, eleifend luctus, ultricies eu, nibh. Quisque id justo sit amet sapien dignissim vestibulum. Vestibulum ante ipsum primis in faucibus orci luctus et ultrices posuere cubilia Curae; Nulla dapibus dolor vel est.', 'Sed vel enim sit amet nunc viverra dapibus. Nulla suscipit ligula in lacus.', 2, 10, '2', 'Michigan', 37474, '2018-10-05', 6, 3);
# insert into work_order (id, description, notes, status_id, customer_id, street_number, street_name, zip_code, submitted_date, employee_id, category_id) values (32, 'Nullam sit amet turpis elementum ligula vehicula consequat. Morbi a ipsum. Integer a nibh. In quis justo. Maecenas rhoncus aliquam lacus. Morbi quis tortor id nulla ultrices aliquet. Maecenas leo odio, condimentum id, luctus nec, molestie sed, justo. Pellentesque viverra pede ac diam. Cras pellentesque volutpat dui. Maecenas tristique, est et tempus semper, est quam pharetra magna, ac consequat metus sapien ut nunc.', 'Curabitur at ipsum ac tellus semper interdum. Mauris ullamcorper purus sit amet nulla. Quisque arcu libero, rutrum ac, lobortis vel, dapibus at, diam. Nam tristique tortor eu pede.', 2, 9, '68', 'Laurel', 64910, '2018-05-26', 47, 1);
# insert into work_order (id, description, notes, status_id, customer_id, street_number, street_name, zip_code, submitted_date, employee_id, category_id) values (33, 'Suspendisse ornare consequat lectus. In est risus, auctor sed, tristique in, tempus sit amet, sem. Fusce consequat. Nulla nisl.', 'adfad', 2, 8, '91252', 'Parkside', 95019, '2018-03-09', 39, 2);
# insert into work_order (id, description, notes, status_id, customer_id, street_number, street_name, zip_code, submitted_date, employee_id, category_id) values (34, 'Maecenas leo odio, condimentum id, luctus nec, molestie sed, justo. Pellentesque viverra pede ac diam. Cras pellentesque volutpat dui. Maecenas tristique, est et tempus semper, est quam pharetra magna, ac consequat metus sapien ut nunc. Vestibulum ante ipsum primis in faucibus orci luctus et ultrices posuere cubilia Curae; Mauris viverra diam vitae quam. Suspendisse potenti. Nullam porttitor lacus at turpis. Donec posuere metus vitae ipsum.', 'Cras in purus eu magna vulputate luctus.', 5, 36, '878', 'Merry', 85934, '2018-09-21', 21, 2);
# insert into work_order (id, description, notes, status_id, customer_id, street_number, street_name, zip_code, submitted_date, employee_id, category_id) values (35, 'Cum sociis natoque penatibus et magnis dis parturient montes, nascetur ridiculus mus. Vivamus vestibulum sagittis sapien. Cum sociis natoque penatibus et magnis dis parturient montes, nascetur ridiculus mus. Etiam vel augue. Vestibulum rutrum rutrum neque. Aenean auctor gravida sem. Praesent id massa id nisl venenatis lacinia.', 'adfad', 2, 27, '653', 'Eagle Crest', 83130, '2018-01-16', 40, 1);
# insert into work_order (id, description, notes, status_id, customer_id, street_number, street_name, zip_code, submitted_date, employee_id, category_id) values (36, 'Morbi vestibulum, velit id pretium iaculis, diam erat fermentum justo, nec condimentum neque sapien placerat ante. Nulla justo. Aliquam quis turpis eget elit sodales scelerisque. Mauris sit amet eros. Suspendisse accumsan tortor quis turpis. Sed ante.', 'Integer ac neque.', 3, 1, '7818', 'Muir', 56875, '2018-05-10', 37, 2);
# insert into work_order (id, description, notes, status_id, customer_id, street_number, street_name, zip_code, submitted_date, employee_id, category_id) values (37, 'In hac habitasse platea dictumst. Aliquam augue quam, sollicitudin vitae, consectetuer eget, rutrum at, lorem. Integer tincidunt ante vel ipsum. Praesent blandit lacinia erat. Vestibulum sed magna at nunc commodo placerat. Praesent blandit. Nam nulla. Integer pede justo, lacinia eget, tincidunt eget, tempus vel, pede. Morbi porttitor lorem id ligula. Suspendisse ornare consequat lectus.', 'Integer tincidunt ante vel ipsum. Praesent blandit lacinia erat. Vestibulum sed magna at nunc commodo placerat.', 4, 19, '88958', 'Katie', 48465, '2018-04-05', 37, 2);
# insert into work_order (id, description, notes, status_id, customer_id, street_number, street_name, zip_code, submitted_date, employee_id, category_id) values (38, 'Vestibulum ante ipsum primis in faucibus orci luctus et ultrices posuere cubilia Curae; Duis faucibus accumsan odio. Curabitur convallis. Duis consequat dui nec nisi volutpat eleifend. Donec ut dolor. Morbi vel lectus in quam fringilla rhoncus.', 'adfad', 5, 15, '336', 'Dexter', 91700, '2018-01-01', 37, 2);
# insert into work_order (id, description, notes, status_id, customer_id, street_number, street_name, zip_code, submitted_date, employee_id, category_id) values (39, 'Cras in purus eu magna vulputate luctus. Cum sociis natoque penatibus et magnis dis parturient montes, nascetur ridiculus mus. Vivamus vestibulum sagittis sapien. Cum sociis natoque penatibus et magnis dis parturient montes, nascetur ridiculus mus. Etiam vel augue.', 'Vestibulum quam sapien, varius ut, blandit non, interdum in, ante. Vestibulum ante ipsum primis in faucibus orci luctus et ultrices posuere cubilia Curae; Duis faucibus accumsan odio.', 2, 46, '6', 'Southridge', 64449, '2018-03-27', 43, 2);
# insert into work_order (id, description, notes, status_id, customer_id, street_number, street_name, zip_code, submitted_date, employee_id, category_id) values (40, 'In hac habitasse platea dictumst.', 'adfadf', 5, 40, '345', 'Coolidge', 62535, '2018-08-12', 12, 4);
# insert into work_order (id, description, notes, status_id, customer_id, street_number, street_name, zip_code, submitted_date, employee_id, category_id) values (41, 'Duis bibendum, felis sed interdum venenatis, turpis enim blandit mi, in porttitor pede justo eu massa. Donec dapibus. Duis at velit eu est congue elementum. In hac habitasse platea dictumst. Morbi vestibulum, velit id pretium iaculis, diam erat fermentum justo, nec condimentum neque sapien placerat ante. Nulla justo. Aliquam quis turpis eget elit sodales scelerisque. Mauris sit amet eros. Suspendisse accumsan tortor quis turpis. Sed ante.', 'adfad', 3, 21, '629', 'Towne', 60267, '2018-09-10', 17, 4);
# insert into work_order (id, description, notes, status_id, customer_id, street_number, street_name, zip_code, submitted_date, employee_id, category_id) values (42, 'Nunc nisl. Duis bibendum, felis sed interdum venenatis, turpis enim blandit mi, in porttitor pede justo eu massa. Donec dapibus.', 'In hac habitasse platea dictumst. Etiam faucibus cursus urna. Ut tellus. Nulla ut erat id mauris vulputate elementum.', 3, 38, '4362', 'Maryland', 80945, '2018-01-30', 3, 4);
# insert into work_order (id, description, notes, status_id, customer_id, street_number, street_name, zip_code, submitted_date, employee_id, category_id) values (43, 'Vivamus vestibulum sagittis sapien. Cum sociis natoque penatibus et magnis dis parturient montes, nascetur ridiculus mus. Etiam vel augue. Vestibulum rutrum rutrum neque.', 'adfad', 1, 13, '73985', 'Doe Crossing', 28506, '2018-07-14', 29, 5);
# insert into work_order (id, description, notes, status_id, customer_id, street_number, street_name, zip_code, submitted_date, employee_id, category_id) values (44, 'Vestibulum ante ipsum primis in faucibus orci luctus et ultrices posuere cubilia Curae; Duis faucibus accumsan odio. Curabitur convallis. Duis consequat dui nec nisi volutpat eleifend. Donec ut dolor. Morbi vel lectus in quam fringilla rhoncus. Mauris enim leo, rhoncus sed, vestibulum sit amet, cursus id, turpis.', 'Nam nulla. Integer pede justo, lacinia eget, tincidunt eget, tempus vel, pede. Morbi porttitor lorem id ligula. Suspendisse ornare consequat lectus.', 2, 17, '658', 'Bonner', 75401, '2018-04-27', 13, 3);
# insert into work_order (id, description, notes, status_id, customer_id, street_number, street_name, zip_code, submitted_date, employee_id, category_id) values (45, 'In eleifend quam a odio. In hac habitasse platea dictumst. Maecenas ut massa quis augue luctus tincidunt. Nulla mollis molestie lorem. Quisque ut erat. Curabitur gravida nisi at nibh. In hac habitasse platea dictumst. Aliquam augue quam, sollicitudin vitae, consectetuer eget, rutrum at, lorem. Integer tincidunt ante vel ipsum. Praesent blandit lacinia erat.', 'Morbi sem mauris, laoreet ut, rhoncus aliquet, pulvinar sed, nisl. Nunc rhoncus dui vel sem.', 2, 42, '497', 'Pennsylvania', 43499, '2018-06-17', 49, 5);
# insert into work_order (id, description, notes, status_id, customer_id, street_number, street_name, zip_code, submitted_date, employee_id, category_id) values (46, 'In hac habitasse platea dictumst. Morbi vestibulum, velit id pretium iaculis, diam erat fermentum justo, nec condimentum neque sapien placerat ante. Nulla justo. Aliquam quis turpis eget elit sodales scelerisque. Mauris sit amet eros. Suspendisse accumsan tortor quis turpis. Sed ante. Vivamus tortor. Duis mattis egestas metus. Aenean fermentum.', 'Fusce lacus purus, aliquet at, feugiat non, pretium quis, lectus. Suspendisse potenti. In eleifend quam a odio.', 2, 31, '7', '8th', 58776, '2018-08-04', 48, 2);
# insert into work_order (id, description, notes, status_id, customer_id, street_number, street_name, zip_code, submitted_date, employee_id, category_id) values (47, 'Donec odio justo, sollicitudin ut, suscipit a, feugiat et, eros. Vestibulum ac est lacinia nisi venenatis tristique. Fusce congue, diam id ornare imperdiet, sapien urna pretium nisl, ut volutpat sapien arcu sed augue.', 'Cum sociis natoque penatibus et magnis dis parturient montes, nascetur ridiculus mus.', 3, 1, '19297', 'Ridgeway', 83938, '2017-12-17', 2, 1);
# insert into work_order (id, description, notes, status_id, customer_id, street_number, street_name, zip_code, submitted_date, employee_id, category_id) values (48, 'Aliquam sit amet diam in magna bibendum imperdiet. Nullam orci pede, venenatis non, sodales sed, tincidunt eu, felis.', 'Sed ante. Vivamus tortor. Duis mattis egestas metus. Aenean fermentum.', 1, 30, '815', 'Hoard', 33604, '2018-05-07', 4, 5);
# insert into work_order (id, description, notes, status_id, customer_id, street_number, street_name, zip_code, submitted_date, employee_id, category_id) values (49, 'Etiam pretium iaculis justo. In hac habitasse platea dictumst. Etiam faucibus cursus urna. Ut tellus.', 'Vestibulum ante ipsum primis in faucibus orci luctus et ultrices posuere cubilia Curae; Duis faucibus accumsan odio.', 5, 24, '975', 'Hansons', 66798, '2018-03-23', 1, 3);
# insert into work_order (id, description, notes, status_id, customer_id, street_number, street_name, zip_code, submitted_date, employee_id, category_id) values (50, 'Nulla nisl. Nunc nisl. Duis bibendum, felis sed interdum venenatis, turpis enim blandit mi, in porttitor pede justo eu massa. Donec dapibus.', 'adfad', 1, 49, '53', 'Forest Dale', 91403, '2018-03-01', 19, 2);
# insert into work_order (id, description, notes, status_id, customer_id, street_number, street_name, zip_code, submitted_date, employee_id, category_id) values (51, 'Vivamus tortor. Duis mattis egestas metus. Aenean fermentum.', 'Cum sociis natoque penatibus et magnis dis parturient montes, nascetur ridiculus mus.', 3, 42, '7', 'Redwing', 33182, '2018-07-06', 8, 1);
# insert into work_order (id, description, notes, status_id, customer_id, street_number, street_name, zip_code, submitted_date, employee_id, category_id) values (52, 'Maecenas ut massa quis augue luctus tincidunt. Nulla mollis molestie lorem. Quisque ut erat. Curabitur gravida nisi at nibh.', 'adfad', 1, 34, '6740', 'Grayhawk', 14660, '2018-04-08', 36, 2);
# insert into work_order (id, description, notes, status_id, customer_id, street_number, street_name, zip_code, submitted_date, employee_id, category_id) values (53, 'Duis bibendum, felis sed interdum venenatis, turpis enim blandit mi, in porttitor pede justo eu massa. Donec dapibus. Duis at velit eu est congue elementum. In hac habitasse platea dictumst. Morbi vestibulum, velit id pretium iaculis, diam erat fermentum justo, nec condimentum neque sapien placerat ante. Nulla justo. Aliquam quis turpis eget elit sodales scelerisque. Mauris sit amet eros.', 'Pellentesque at nulla. Suspendisse potenti. Cras in purus eu magna vulputate luctus. Cum sociis natoque penatibus et magnis dis parturient montes, nascetur ridiculus mus.', 1, 23, '1678', 'Old Shore', 64458, '2018-07-09', 39, 1);
# insert into work_order (id, description, notes, status_id, customer_id, street_number, street_name, zip_code, submitted_date, employee_id, category_id) values (54, 'Duis mattis egestas metus. Aenean fermentum. Donec ut mauris eget massa tempor convallis. Nulla neque libero, convallis eget, eleifend luctus, ultricies eu, nibh. Quisque id justo sit amet sapien dignissim vestibulum.', 'Nunc nisl.', 1, 18, '0', 'Delladonna', 55444, '2018-07-08', 43, 5);
# insert into work_order (id, description, notes, status_id, customer_id, street_number, street_name, zip_code, submitted_date, employee_id, category_id) values (55, 'Nullam molestie nibh in lectus. Pellentesque at nulla. Suspendisse potenti. Cras in purus eu magna vulputate luctus. Cum sociis natoque penatibus et magnis dis parturient montes, nascetur ridiculus mus. Vivamus vestibulum sagittis sapien. Cum sociis natoque penatibus et magnis dis parturient montes, nascetur ridiculus mus.', 'Nulla facilisi. Cras non velit nec nisi vulputate nonummy. Maecenas tincidunt lacus at velit. Vivamus vel nulla eget eros elementum pellentesque.', 4, 48, '976', 'Merry', 47248, '2018-03-09', 22, 2);
# insert into work_order (id, description, notes, status_id, customer_id, street_number, street_name, zip_code, submitted_date, employee_id, category_id) values (56, 'Nullam orci pede, venenatis non, sodales sed, tincidunt eu, felis.', 'In hac habitasse platea dictumst.', 5, 13, '772', 'Badeau', 49708, '2018-06-04', 48, 4);
# insert into work_order (id, description, notes, status_id, customer_id, street_number, street_name, zip_code, submitted_date, employee_id, category_id) values (57, 'Duis bibendum. Morbi non quam nec dui luctus rutrum. Nulla tellus. In sagittis dui vel nisl. Duis ac nibh. Fusce lacus purus, aliquet at, feugiat non, pretium quis, lectus.', 'adfad', 4, 21, '2714', 'Mallard', 70501, '2018-02-10', 32, 5);
# insert into work_order (id, description, notes, status_id, customer_id, street_number, street_name, zip_code, submitted_date, employee_id, category_id) values (58, 'Vivamus in felis eu sapien cursus vestibulum. Proin eu mi. Nulla ac enim.', 'Nullam molestie nibh in lectus. Pellentesque at nulla. Suspendisse potenti.', 1, 17, '50663', 'Pine View', 80738, '2018-09-22', 26, 1);
# insert into work_order (id, description, notes, status_id, customer_id, street_number, street_name, zip_code, submitted_date, employee_id, category_id) values (59, 'In tempor, turpis nec euismod scelerisque, quam turpis adipiscing lorem, vitae mattis nibh ligula nec sem. Duis aliquam convallis nunc. Proin at turpis a pede posuere nonummy. Integer non velit. Donec diam neque, vestibulum eget, vulputate ut, ultrices vel, augue. Vestibulum ante ipsum primis in faucibus orci luctus et ultrices posuere cubilia Curae; Donec pharetra, magna vestibulum aliquet ultrices, erat tortor sollicitudin mi, sit amet lobortis sapien sapien non mi. Integer ac neque. Duis bibendum.', 'Aenean fermentum. Donec ut mauris eget massa tempor convallis. Nulla neque libero, convallis eget, eleifend luctus, ultricies eu, nibh. Quisque id justo sit amet sapien dignissim vestibulum.', 1, 16, '3566', 'Holmberg', 41194, '2018-09-10', 9, 2);
# insert into work_order (id, description, notes, status_id, customer_id, street_number, street_name, zip_code, submitted_date, employee_id, category_id) values (60, 'In hac habitasse platea dictumst. Aliquam augue quam, sollicitudin vitae, consectetuer eget, rutrum at, lorem. Integer tincidunt ante vel ipsum. Praesent blandit lacinia erat. Vestibulum sed magna at nunc commodo placerat. Praesent blandit.', 'Integer a nibh.', 3, 12, '9901', 'Roth', 77521, '2018-05-17', 39, 1);
# insert into work_order (id, description, notes, status_id, customer_id, street_number, street_name, zip_code, submitted_date, employee_id, category_id) values (61, 'Mauris enim leo, rhoncus sed, vestibulum sit amet, cursus id, turpis. Integer aliquet, massa id lobortis convallis, tortor risus dapibus augue, vel accumsan tellus nisi eu orci. Mauris lacinia sapien quis libero. Nullam sit amet turpis elementum ligula vehicula consequat. Morbi a ipsum.', 'Etiam pretium iaculis justo. In hac habitasse platea dictumst. Etiam faucibus cursus urna. Ut tellus.', 2, 21, '04', 'Holy Cross', 85222, '2018-04-17', 49, 1);
# insert into work_order (id, description, notes, status_id, customer_id, street_number, street_name, zip_code, submitted_date, employee_id, category_id) values (62, 'Aenean fermentum. Donec ut mauris eget massa tempor convallis. Nulla neque libero, convallis eget, eleifend luctus, ultricies eu, nibh. Quisque id justo sit amet sapien dignissim vestibulum. Vestibulum ante ipsum primis in faucibus orci luctus et ultrices posuere cubilia Curae; Nulla dapibus dolor vel est. Donec odio justo, sollicitudin ut, suscipit a, feugiat et, eros.', 'Aenean fermentum.', 6, 3, '2897', 'Barby', 42610, '2018-09-19', 19, 4);
# insert into work_order (id, description, notes, status_id, customer_id, street_number, street_name, zip_code, submitted_date, employee_id, category_id) values (63, 'In hac habitasse platea dictumst. Aliquam augue quam, sollicitudin vitae, consectetuer eget, rutrum at, lorem. Integer tincidunt ante vel ipsum. Praesent blandit lacinia erat. Vestibulum sed magna at nunc commodo placerat.', 'adfad', 3, 12, '9945', 'Eagle Crest', 82685, '2018-06-25', 37, 3);
# insert into work_order (id, description, notes, status_id, customer_id, street_number, street_name, zip_code, submitted_date, employee_id, category_id) values (64, 'Curabitur gravida nisi at nibh. In hac habitasse platea dictumst. Aliquam augue quam, sollicitudin vitae, consectetuer eget, rutrum at, lorem. Integer tincidunt ante vel ipsum. Praesent blandit lacinia erat. Vestibulum sed magna at nunc commodo placerat. Praesent blandit. Nam nulla.', 'Quisque porta volutpat erat. Quisque erat eros, viverra eget, congue eget, semper rutrum, nulla. Nunc purus. Phasellus in felis.', 2, 18, '21175', 'Morning', 99100, '2018-08-25', 25, 1);
# insert into work_order (id, description, notes, status_id, customer_id, street_number, street_name, zip_code, submitted_date, employee_id, category_id) values (65, 'In hac habitasse platea dictumst. Aliquam augue quam, sollicitudin vitae, consectetuer eget, rutrum at, lorem. Integer tincidunt ante vel ipsum. Praesent blandit lacinia erat. Vestibulum sed magna at nunc commodo placerat.', 'Vestibulum ante ipsum primis in faucibus orci luctus et ultrices posuere cubilia Curae; Mauris viverra diam vitae quam.', 4, 29, '229', 'Sugar', 36241, '2018-05-05', 23, 4);
# insert into work_order (id, description, notes, status_id, customer_id, street_number, street_name, zip_code, submitted_date, employee_id, category_id) values (66, 'Duis bibendum. Morbi non quam nec dui luctus rutrum. Nulla tellus.', 'afgasgf', 5, 31, '34', 'Kipling', 47291, '2018-06-12', 7, 4);
# insert into work_order (id, description, notes, status_id, customer_id, street_number, street_name, zip_code, submitted_date, employee_id, category_id) values (67, 'Vestibulum ante ipsum primis in faucibus orci luctus et ultrices posuere cubilia Curae; Nulla dapibus dolor vel est. Donec odio justo, sollicitudin ut, suscipit a, feugiat et, eros. Vestibulum ac est lacinia nisi venenatis tristique. Fusce congue, diam id ornare imperdiet, sapien urna pretium nisl, ut volutpat sapien arcu sed augue. Aliquam erat volutpat. In congue. Etiam justo. Etiam pretium iaculis justo. In hac habitasse platea dictumst.', 'Integer a nibh. In quis justo. Maecenas rhoncus aliquam lacus. Morbi quis tortor id nulla ultrices aliquet.', 4, 25, '0196', 'Elmside', 11155, '2018-06-29', 17, 5);
# insert into work_order (id, description, notes, status_id, customer_id, street_number, street_name, zip_code, submitted_date, employee_id, category_id) values (68, 'Vestibulum ante ipsum primis in faucibus orci luctus et ultrices posuere cubilia Curae; Nulla dapibus dolor vel est. Donec odio justo, sollicitudin ut, suscipit a, feugiat et, eros. Vestibulum ac est lacinia nisi venenatis tristique. Fusce congue, diam id ornare imperdiet, sapien urna pretium nisl, ut volutpat sapien arcu sed augue. Aliquam erat volutpat. In congue. Etiam justo.', 'Ut at dolor quis odio consequat varius. Integer ac leo. Pellentesque ultrices mattis odio. Donec vitae nisi.', 3, 34, '0', 'Ohio', 38856, '2018-07-28', 39, 1);
# insert into work_order (id, description, notes, status_id, customer_id, street_number, street_name, zip_code, submitted_date, employee_id, category_id) values (69, 'Duis consequat dui nec nisi volutpat eleifend. Donec ut dolor. Morbi vel lectus in quam fringilla rhoncus.', 'Vestibulum ac est lacinia nisi venenatis tristique. Fusce congue, diam id ornare imperdiet, sapien urna pretium nisl, ut volutpat sapien arcu sed augue. Aliquam erat volutpat. In congue.', 2, 50, '6430', 'Lawn', 13635, '2018-07-08', 37, 2);
# insert into work_order (id, description, notes, status_id, customer_id, street_number, street_name, zip_code, submitted_date, employee_id, category_id) values (70, 'Maecenas tincidunt lacus at velit. Vivamus vel nulla eget eros elementum pellentesque. Quisque porta volutpat erat. Quisque erat eros, viverra eget, congue eget, semper rutrum, nulla. Nunc purus. Phasellus in felis.', 'Integer ac leo. Pellentesque ultrices mattis odio. Donec vitae nisi.', 2, 2, '03253', 'Beilfuss', 48814, '2018-06-21', 41, 5);
# insert into work_order (id, description, notes, status_id, customer_id, street_number, street_name, zip_code, submitted_date, employee_id, category_id) values (71, 'Mauris ullamcorper purus sit amet nulla. Quisque arcu libero, rutrum ac, lobortis vel, dapibus at, diam.', 'Etiam pretium iaculis justo.', 1, 28, '956', 'Annamark', 64036, '2018-06-06', 21, 5);
# insert into work_order (id, description, notes, status_id, customer_id, street_number, street_name, zip_code, submitted_date, employee_id, category_id) values (72, 'Pellentesque at nulla. Suspendisse potenti. Cras in purus eu magna vulputate luctus. Cum sociis natoque penatibus et magnis dis parturient montes, nascetur ridiculus mus. Vivamus vestibulum sagittis sapien. Cum sociis natoque penatibus et magnis dis parturient montes, nascetur ridiculus mus. Etiam vel augue. Vestibulum rutrum rutrum neque.', 'In hac habitasse platea dictumst.', 6, 33, '3', 'Old Shore', 97258, '2017-12-08', 13, 1);
# insert into work_order (id, description, notes, status_id, customer_id, street_number, street_name, zip_code, submitted_date, employee_id, category_id) values (73, 'Sed sagittis. Nam congue, risus semper porta volutpat, quam pede lobortis ligula, sit amet eleifend pede libero quis orci.', 'Morbi porttitor lorem id ligula. Suspendisse ornare consequat lectus. In est risus, auctor sed, tristique in, tempus sit amet, sem. Fusce consequat.', 3, 10, '2779', 'Bay', 52494, '2018-01-28', 34, 5);
# insert into work_order (id, description, notes, status_id, customer_id, street_number, street_name, zip_code, submitted_date, employee_id, category_id) values (74, 'Quisque id justo sit amet sapien dignissim vestibulum. Vestibulum ante ipsum primis in faucibus orci luctus et ultrices posuere cubilia Curae; Nulla dapibus dolor vel est. Donec odio justo, sollicitudin ut, suscipit a, feugiat et, eros. Vestibulum ac est lacinia nisi venenatis tristique. Fusce congue, diam id ornare imperdiet, sapien urna pretium nisl, ut volutpat sapien arcu sed augue. Aliquam erat volutpat. In congue. Etiam justo. Etiam pretium iaculis justo.', 'Phasellus sit amet erat.', 6, 12, '6', 'Superior', 32030, '2018-07-20', 17, 2);
# insert into work_order (id, description, notes, status_id, customer_id, street_number, street_name, zip_code, submitted_date, employee_id, category_id) values (75, 'Vestibulum sed magna at nunc commodo placerat. Praesent blandit. Nam nulla. Integer pede justo, lacinia eget, tincidunt eget, tempus vel, pede. Morbi porttitor lorem id ligula. Suspendisse ornare consequat lectus. In est risus, auctor sed, tristique in, tempus sit amet, sem. Fusce consequat.', 'adfad', 2, 42, '20', 'Towne', 95362, '2018-01-05', 26, 3);
# insert into work_order (id, description, notes, status_id, customer_id, street_number, street_name, zip_code, submitted_date, employee_id, category_id) values (76, 'Vestibulum sed magna at nunc commodo placerat. Praesent blandit. Nam nulla. Integer pede justo, lacinia eget, tincidunt eget, tempus vel, pede. Morbi porttitor lorem id ligula.', 'adfad', 1, 6, '102', 'Paget', 60930, '2018-05-12', 25, 3);
# insert into work_order (id, description, notes, status_id, customer_id, street_number, street_name, zip_code, submitted_date, employee_id, category_id) values (77, 'Curabitur gravida nisi at nibh. In hac habitasse platea dictumst. Aliquam augue quam, sollicitudin vitae, consectetuer eget, rutrum at, lorem. Integer tincidunt ante vel ipsum. Praesent blandit lacinia erat.', 'Morbi odio odio, elementum eu, interdum eu, tincidunt in, leo. Maecenas pulvinar lobortis est.', 4, 27, '9569', 'Monica', 41437, '2018-06-02', 26, 1);
# insert into work_order (id, description, notes, status_id, customer_id, street_number, street_name, zip_code, submitted_date, employee_id, category_id) values (78, 'Curabitur in libero ut massa volutpat convallis. Morbi odio odio, elementum eu, interdum eu, tincidunt in, leo. Maecenas pulvinar lobortis est. Phasellus sit amet erat. Nulla tempus. Vivamus in felis eu sapien cursus vestibulum. Proin eu mi. Nulla ac enim. In tempor, turpis nec euismod scelerisque, quam turpis adipiscing lorem, vitae mattis nibh ligula nec sem. Duis aliquam convallis nunc.', 'adfad', 4, 30, '760', 'Roxbury', 68242, '2017-12-12', 20, 3);
# insert into work_order (id, description, notes, status_id, customer_id, street_number, street_name, zip_code, submitted_date, employee_id, category_id) values (79, 'Praesent blandit. Nam nulla. Integer pede justo, lacinia eget, tincidunt eget, tempus vel, pede. Morbi porttitor lorem id ligula. Suspendisse ornare consequat lectus. In est risus, auctor sed, tristique in, tempus sit amet, sem. Fusce consequat. Nulla nisl. Nunc nisl. Duis bibendum, felis sed interdum venenatis, turpis enim blandit mi, in porttitor pede justo eu massa.', 'Etiam justo. Etiam pretium iaculis justo. In hac habitasse platea dictumst.', 6, 37, '53858', 'La Follette', 87590, '2018-09-27', 47, 5);
# insert into work_order (id, description, notes, status_id, customer_id, street_number, street_name, zip_code, submitted_date, employee_id, category_id) values (80, 'Quisque ut erat. Curabitur gravida nisi at nibh. In hac habitasse platea dictumst. Aliquam augue quam, sollicitudin vitae, consectetuer eget, rutrum at, lorem. Integer tincidunt ante vel ipsum. Praesent blandit lacinia erat. Vestibulum sed magna at nunc commodo placerat.', 'adfad', 1, 43, '67', 'Esker', 25587, '2018-08-20', 49, 5);
# insert into work_order (id, description, notes, status_id, customer_id, street_number, street_name, zip_code, submitted_date, employee_id, category_id) values (81, 'Integer non velit. Donec diam neque, vestibulum eget, vulputate ut, ultrices vel, augue. Vestibulum ante ipsum primis in faucibus orci luctus et ultrices posuere cubilia Curae; Donec pharetra, magna vestibulum aliquet ultrices, erat tortor sollicitudin mi, sit amet lobortis sapien sapien non mi. Integer ac neque.', 'adfad', 2, 23, '01087', 'Scott', 24079, '2018-11-02', 3, 1);
# insert into work_order (id, description, notes, status_id, customer_id, street_number, street_name, zip_code, submitted_date, employee_id, category_id) values (82, 'Nulla tellus. In sagittis dui vel nisl. Duis ac nibh. Fusce lacus purus, aliquet at, feugiat non, pretium quis, lectus. Suspendisse potenti. In eleifend quam a odio. In hac habitasse platea dictumst. Maecenas ut massa quis augue luctus tincidunt. Nulla mollis molestie lorem.', 'In hac habitasse platea dictumst. Aliquam augue quam, sollicitudin vitae, consectetuer eget, rutrum at, lorem. Integer tincidunt ante vel ipsum.', 3, 15, '181', 'Sycamore', 82817, '2017-11-23', 25, 4);
# insert into work_order (id, description, notes, status_id, customer_id, street_number, street_name, zip_code, submitted_date, employee_id, category_id) values (83, 'Nunc nisl. Duis bibendum, felis sed interdum venenatis, turpis enim blandit mi, in porttitor pede justo eu massa. Donec dapibus. Duis at velit eu est congue elementum. In hac habitasse platea dictumst. Morbi vestibulum, velit id pretium iaculis, diam erat fermentum justo, nec condimentum neque sapien placerat ante.', 'Curabitur in libero ut massa volutpat convallis. Morbi odio odio, elementum eu, interdum eu, tincidunt in, leo.', 2, 50, '088', 'Merry', 68452, '2018-07-03', 42, 5);
# insert into work_order (id, description, notes, status_id, customer_id, street_number, street_name, zip_code, submitted_date, employee_id, category_id) values (84, 'Morbi quis tortor id nulla ultrices aliquet. Maecenas leo odio, condimentum id, luctus nec, molestie sed, justo. Pellentesque viverra pede ac diam.', 'Praesent blandit. Nam nulla.', 4, 44, '30745', 'Jana', 84323, '2018-07-01', 32, 4);
# insert into work_order (id, description, notes, status_id, customer_id, street_number, street_name, zip_code, submitted_date, employee_id, category_id) values (85, 'Vestibulum ac est lacinia nisi venenatis tristique. Fusce congue, diam id ornare imperdiet, sapien urna pretium nisl, ut volutpat sapien arcu sed augue. Aliquam erat volutpat. In congue. Etiam justo. Etiam pretium iaculis justo. In hac habitasse platea dictumst. Etiam faucibus cursus urna. Ut tellus.', 'Vestibulum ante ipsum primis in faucibus orci luctus et ultrices posuere cubilia Curae; Duis faucibus accumsan odio. Curabitur convallis. Duis consequat dui nec nisi volutpat eleifend. Donec ut dolor.', 4, 50, '875', 'Fairfield', 85584, '2018-02-01', 34, 1);
# insert into work_order (id, description, notes, status_id, customer_id, street_number, street_name, zip_code, submitted_date, employee_id, category_id) values (86, 'Aenean sit amet justo. Morbi ut odio. Cras mi pede, malesuada in, imperdiet et, commodo vulputate, justo. In blandit ultrices enim. Lorem ipsum dolor sit amet, consectetuer adipiscing elit.', 'Donec posuere metus vitae ipsum. Aliquam non mauris.', 1, 30, '37972', 'Redwing', 64106, '2018-01-26', 39, 5);
# insert into work_order (id, description, notes, status_id, customer_id, street_number, street_name, zip_code, submitted_date, employee_id, category_id) values (87, 'Vivamus vestibulum sagittis sapien. Cum sociis natoque penatibus et magnis dis parturient montes, nascetur ridiculus mus. Etiam vel augue. Vestibulum rutrum rutrum neque.', 'Proin at turpis a pede posuere nonummy. Integer non velit. Donec diam neque, vestibulum eget, vulputate ut, ultrices vel, augue.', 3, 15, '483', 'Union', 16992, '2018-10-06', 29, 1);
# insert into work_order (id, description, notes, status_id, customer_id, street_number, street_name, zip_code, submitted_date, employee_id, category_id) values (88, 'Curabitur convallis. Duis consequat dui nec nisi volutpat eleifend. Donec ut dolor. Morbi vel lectus in quam fringilla rhoncus.', 'Donec ut dolor. Morbi vel lectus in quam fringilla rhoncus. Mauris enim leo, rhoncus sed, vestibulum sit amet, cursus id, turpis. Integer aliquet, massa id lobortis convallis, tortor risus dapibus augue, vel accumsan tellus nisi eu orci.', 5, 11, '2072', 'Pearson', 54099, '2018-10-16', 37, 4);
# insert into work_order (id, description, notes, status_id, customer_id, street_number, street_name, zip_code, submitted_date, employee_id, category_id) values (89, 'Integer tincidunt ante vel ipsum.', 'Donec quis orci eget orci vehicula condimentum. Curabitur in libero ut massa volutpat convallis. Morbi odio odio, elementum eu, interdum eu, tincidunt in, leo.', 4, 5, '88', 'Kedzie', 58467, '2018-07-05', 10, 5);
# insert into work_order (id, description, notes, status_id, customer_id, street_number, street_name, zip_code, submitted_date, employee_id, category_id) values (90, 'Proin at turpis a pede posuere nonummy. Integer non velit. Donec diam neque, vestibulum eget, vulputate ut, ultrices vel, augue. Vestibulum ante ipsum primis in faucibus orci luctus et ultrices posuere cubilia Curae; Donec pharetra, magna vestibulum aliquet ultrices, erat tortor sollicitudin mi, sit amet lobortis sapien sapien non mi. Integer ac neque. Duis bibendum.', 'Donec dapibus. Duis at velit eu est congue elementum.', 4, 50, '76164', 'Quincy', 80983, '2018-10-15', 50, 2);
# insert into work_order (id, description, notes, status_id, customer_id, street_number, street_name, zip_code, submitted_date, employee_id, category_id) values (91, 'Aenean lectus. Pellentesque eget nunc.', 'Integer aliquet, massa id lobortis convallis, tortor risus dapibus augue, vel accumsan tellus nisi eu orci.', 2, 46, '3464', 'Dennis', 72482, '2018-05-04', 9, 2);
# insert into work_order (id, description, notes, status_id, customer_id, street_number, street_name, zip_code, submitted_date, employee_id, category_id) values (92, 'In sagittis dui vel nisl. Duis ac nibh. Fusce lacus purus, aliquet at, feugiat non, pretium quis, lectus. Suspendisse potenti. In eleifend quam a odio.', 'adfadfg', 1, 26, '70724', 'Monica', 15516, '2018-05-02', 38, 2);
# insert into work_order (id, description, notes, status_id, customer_id, street_number, street_name, zip_code, submitted_date, employee_id, category_id) values (93, 'Proin risus. Praesent lectus. Vestibulum quam sapien, varius ut, blandit non, interdum in, ante.', 'Mauris enim leo, rhoncus sed, vestibulum sit amet, cursus id, turpis. Integer aliquet, massa id lobortis convallis, tortor risus dapibus augue, vel accumsan tellus nisi eu orci.', 3, 46, '38', 'Loeprich', 44819, '2018-10-29', 19, 4);
# insert into work_order (id, description, notes, status_id, customer_id, street_number, street_name, zip_code, submitted_date, employee_id, category_id) values (94, 'Cras in purus eu magna vulputate luctus.', 'adfafg', 5, 12, '9', 'Starling', 40467, '2018-08-20', 12, 3);
# insert into work_order (id, description, notes, status_id, customer_id, street_number, street_name, zip_code, submitted_date, employee_id, category_id) values (95, 'Quisque ut erat. Curabitur gravida nisi at nibh. In hac habitasse platea dictumst. Aliquam augue quam, sollicitudin vitae, consectetuer eget, rutrum at, lorem. Integer tincidunt ante vel ipsum. Praesent blandit lacinia erat. Vestibulum sed magna at nunc commodo placerat.', 'Phasellus id sapien in sapien iaculis congue. Vivamus metus arcu, adipiscing molestie, hendrerit at, vulputate vitae, nisl.', 2, 24, '101', 'Bluestem', 20282, '2018-03-01', 27, 1);
# insert into work_order (id, description, notes, status_id, customer_id, street_number, street_name, zip_code, submitted_date, employee_id, category_id) values (96, 'In congue. Etiam justo.', 'Phasellus id sapien in sapien iaculis congue.', 4, 8, '068', 'Loftsgordon', 70384, '2017-11-18', 2, 5);
# insert into work_order (id, description, notes, status_id, customer_id, street_number, street_name, zip_code, submitted_date, employee_id, category_id) values (97, 'Morbi non quam nec dui luctus rutrum. Nulla tellus.', 'Vivamus vel nulla eget eros elementum pellentesque. Quisque porta volutpat erat. Quisque erat eros, viverra eget, congue eget, semper rutrum, nulla.', 4, 9, '483', 'Roth', 28247, '2018-10-03', 42, 5);
# insert into work_order (id, description, notes, status_id, customer_id, street_number, street_name, zip_code, submitted_date, employee_id, category_id) values (98, 'Pellentesque ultrices mattis odio. Donec vitae nisi. Nam ultrices, libero non mattis pulvinar, nulla pede ullamcorper augue, a suscipit nulla elit ac nulla. Sed vel enim sit amet nunc viverra dapibus. Nulla suscipit ligula in lacus. Curabitur at ipsum ac tellus semper interdum.', 'adfad', 6, 45, '02', 'North', 75287, '2018-06-24', 25, 2);
# insert into work_order (id, description, notes, status_id, customer_id, street_number, street_name, zip_code, submitted_date, employee_id, category_id) values (99, 'Nunc nisl. Duis bibendum, felis sed interdum venenatis, turpis enim blandit mi, in porttitor pede justo eu massa. Donec dapibus. Duis at velit eu est congue elementum. In hac habitasse platea dictumst. Morbi vestibulum, velit id pretium iaculis, diam erat fermentum justo, nec condimentum neque sapien placerat ante.', 'Pellentesque viverra pede ac diam.', 6, 37, '4584', 'Stone Corner', 59966, '2018-05-30', 25, 1);
# insert into work_order (id, description, notes, status_id, customer_id, street_number, street_name, zip_code, submitted_date, employee_id, category_id) values (100, 'Morbi non lectus. Aliquam sit amet diam in magna bibendum imperdiet. Nullam orci pede, venenatis non, sodales sed, tincidunt eu, felis. Fusce posuere felis sed lacus.', 'adfadf', 5, 48, '8', 'Badeau', 88424, '2017-12-03', 40, 2);
# _

insert into user_roles (id, role, user_id) values (1, 'ROLE_ADMIN', 1);
insert into user_roles (id, role, user_id) values (2, 'ROLE_EDITOR', 2);
insert into user_roles (id, role, user_id) values (3, 'ROLE_USER', 3);